{
 "rod": 175.0,
 "servo": {
  "LL": [
   -47.4,
   40.7,
   15.5
  ],
  "UL": [
   -47.4,
   -40.7,
   15.5
  ],
  "LR": [
   47.4,
   40.7,
   15.5
  ],
  "UR": [
   47.4,
   -40.7,
   15.5
  ],
  "PL": [
   -47.4,
   0.0,
   37.4
  ],
  "PR": [
   47.4,
   0.0,
   37.4
  ]
 },
 "assign": {
  "LL": "main_L",
  "UL": "main_L",
  "LR": "main_R",
  "UR": "main_R",
  "PL": "up_L",
  "PR": "up_R"
 },
 "armlen": {
  "LL": 50,
  "UL": 50,
  "LR": 50,
  "UR": 50,
  "PL": 75.2,
  "PR": 75.2
 },
 "rec_local": {
  "main_L": [
   -60,
   0,
   0
  ],
  "main_R": [
   60,
   0,
   0
  ],
  "up_L": [
   -61,
   -14.235,
   53.13
  ],
  "up_R": [
   61,
   -14.235,
   53.13
  ]
 },
 "arm_feat": {
  "H": [
   67.5,
   0.0,
   51.45
  ],
  "B": [
   67.5,
   50.0,
   51.0
  ],
  "axis": [
   0,
   0,
   1
  ]
 },
 "pitchL_feat": {
  "H": [
   -7.5,
   30.0,
   50.0
  ],
  "B": [
   -40.86,
   98.5,
   50.25
  ],
  "axis": [
   0,
   0,
   1
  ]
 },
 "pitchR_feat": {
  "H": [
   7.5,
   30.0,
   50.0
  ],
  "B": [
   40.86,
   98.5,
   50.25
  ],
  "axis": [
   0,
   0,
   1
  ]
 },
 "rec_home_rotvec": [
  6.021406874779214,
  -4.584785955922498e-06,
  -1.5527264737553143e-07
 ],
 "rec_home_t": [
  0.00011556950540975928,
  1.0117635203192427e-05,
  173.37319599835283
 ],
 "legs": [
  "LL",
  "UL",
  "LR",
  "UR",
  "PL",
  "PR"
 ]
}