{
  "parts": {
    "Arm": {
      "hub": [
        67.72834014892578,
        -0.22799301147460938,
        51.85290410252338
      ],
      "hub_axis": [
        0.0,
        0.0,
        1.0
      ],
      "hub_r": 8.52,
      "ball": [
        67.49999995458693,
        52.96976089477539,
        50.0
      ],
      "ball_axis": [
        1.0,
        0.0,
        0.0
      ],
      "ball_r": 5.44,
      "pivot_len": 53.23
    },
    "L_Pitcher": {
      "hub": [
        -7.026461283365885,
        29.52965545654297,
        51.02763700284033
      ],
      "hub_axis": [
        0.0,
        0.0,
        1.0
      ],
      "hub_r": 8.16,
      "ball": [
        -45.27646128336588,
        97.7613266475617,
        54.5
      ],
      "ball_axis": [
        0.0,
        1.0,
        0.0
      ],
      "ball_r": 7.85,
      "pivot_len": 78.3
    },
    "R_Pitcher": {
      "hub": [
        8.222774505615234,
        29.52965545654297,
        51.0244724458783
      ],
      "hub_axis": [
        0.0,
        0.0,
        1.0
      ],
      "hub_r": 8.2,
      "ball": [
        40.26176061606643,
        99.94704182942708,
        49.0
      ],
      "ball_axis": [
        1.0,
        0.0,
        0.0
      ],
      "ball_r": 5.21,
      "pivot_len": 77.39
    },
    "MainLink": {
      "pivot_a": [
        2.294642857142857,
        -174.52236938476562,
        -0.25
      ],
      "pivot_b": [
        2.294642857142857,
        0.227630615234375,
        -0.25
      ],
      "length": 174.75
    },
    "PitcherLink": {
      "pivot_a": [
        2.2927240343518958,
        0.2202154795328788,
        -0.25
      ],
      "pivot_b": [
        62.25,
        -181.22021484375,
        -0.023275398419035753
      ],
      "length": 191.09
    },
    "BearingMain": {
      "pivot_a": [
        64.25,
        -2.5,
        -9.448706592554524e-18
      ],
      "pivot_b": [
        -65.5,
        2.3973577978832474,
        2.5
      ],
      "length": 129.87
    },
    "BearingPitch": {
      "pivot_a": [
        -56.286504001833165,
        0.25,
        -0.75
      ],
      "pivot_b": [
        13.25,
        2.0,
        36.27364139845877
      ],
      "length": 78.8
    },
    "Receiver": {
      "n_candidate_holes": 42,
      "top_holes": [
        {
          "c": [
            0.21,
            -13.52,
            52.5
          ],
          "r": 2.61,
          "axis": [
            1,
            0,
            0
          ],
          "votes": 225
        },
        {
          "c": [
            0.11,
            -52.52,
            -10.5
          ],
          "r": 2.72,
          "axis": [
            1,
            0,
            0
          ],
          "votes": 194
        },
        {
          "c": [
            0.0,
            0.73,
            0.0
          ],
          "r": 2.51,
          "axis": [
            1,
            0,
            0
          ],
          "votes": 172
        },
        {
          "c": [
            -0.17,
            -52.52,
            -25.5
          ],
          "r": 12.33,
          "axis": [
            1,
            0,
            0
          ],
          "votes": 129
        },
        {
          "c": [
            0.26,
            -52.52,
            2.25
          ],
          "r": 12.65,
          "axis": [
            1,
            0,
            0
          ],
          "votes": 120
        },
        {
          "c": [
            0.0,
            4.48,
            -10.5
          ],
          "r": 11.69,
          "axis": [
            1,
            0,
            0
          ],
          "votes": 116
        },
        {
          "c": [
            7.5,
            -47.84,
            -12.91
          ],
          "r": 7.42,
          "axis": [
            0,
            1,
            0
          ],
          "votes": 93
        },
        {
          "c": [
            -6.75,
            -47.74,
            -12.91
          ],
          "r": 8.24,
          "axis": [
            0,
            1,
            0
          ],
          "votes": 80
        },
        {
          "c": [
            -0.0,
            -1.91,
            12.59
          ],
          "r": 11.52,
          "axis": [
            0,
            1,
            0
          ],
          "votes": 72
        },
        {
          "c": [
            -18.75,
            -4.72,
            12.59
          ],
          "r": 11.09,
          "axis": [
            0,
            1,
            0
          ],
          "votes": 66
        },
        {
          "c": [
            54.0,
            -2.65,
            12.59
          ],
          "r": 9.6,
          "axis": [
            0,
            1,
            0
          ],
          "votes": 63
        },
        {
          "c": [
            66.0,
            -0.04,
            11.84
          ],
          "r": 14.01,
          "axis": [
            0,
            1,
            0
          ],
          "votes": 63
        }
      ],
      "note": "6 个连杆安装孔需结合 SR6 装配手册语义先验消歧 (纯几何不足以唯一确定)"
    }
  },
  "compare": [
    {
      "feature": "Arm.hub",
      "magic": [
        67.5,
        0.0,
        51.0
      ],
      "detected": [
        67.73,
        -0.23,
        51.85
      ],
      "delta": 0.91
    },
    {
      "feature": "Arm.ball",
      "magic": [
        67.5,
        50.0,
        51.0
      ],
      "detected": [
        67.5,
        52.97,
        50.0
      ],
      "delta": 3.13
    },
    {
      "feature": "Arm.pivot_len",
      "magic": 50.0,
      "detected": 53.23,
      "delta": 3.23
    },
    {
      "feature": "L_Pitcher.hub",
      "magic": [
        -7.5,
        30.0,
        51.75
      ],
      "detected": [
        -7.03,
        29.53,
        51.03
      ],
      "delta": 0.98
    },
    {
      "feature": "L_Pitcher.ball",
      "magic": [
        -39.74,
        97.72,
        50.25
      ],
      "detected": [
        -45.28,
        97.76,
        54.5
      ],
      "delta": 6.98
    },
    {
      "feature": "R_Pitcher.hub",
      "magic": [
        7.5,
        30.0,
        51.75
      ],
      "detected": [
        8.22,
        29.53,
        51.02
      ],
      "delta": 1.13
    },
    {
      "feature": "R_Pitcher.ball",
      "magic": [
        39.74,
        97.72,
        50.25
      ],
      "detected": [
        40.26,
        99.95,
        49.0
      ],
      "delta": 2.61
    },
    {
      "feature": "MainLink.length",
      "magic": 175.0,
      "detected": 174.75,
      "delta": 0.25
    }
  ]
}