{
  "tripo": {
    "iou": 0.6949983458149117,
    "az": 165,
    "el": 51,
    "mir": 0,
    "roll": 30
  },
  "selfbuilt": {
    "iou": 0.6600656846486521,
    "az": 155,
    "el": 39,
    "mir": 0,
    "roll": 210
  },
  "overlay_iou": {
    "tripo": 0.6387923804959866,
    "selfbuilt": 0.6300296057058269
  }
}