{
  "ROD": 175.0,
  "HOME_H": 200.0,
  "servo": {
    "L_mainA": [
      -60,
      30,
      22
    ],
    "L_mainB": [
      -60,
      -30,
      22
    ],
    "R_mainA": [
      60,
      30,
      22
    ],
    "R_mainB": [
      60,
      -30,
      22
    ],
    "L_pitch": [
      -60,
      0,
      33
    ],
    "R_pitch": [
      60,
      0,
      33
    ]
  },
  "armlen": {
    "L_mainA": 50,
    "L_mainB": 50,
    "R_mainA": 50,
    "R_mainB": 50,
    "L_pitch": 75,
    "R_pitch": 75
  },
  "blocal": {
    "L_mainA": [
      -59.98,
      0,
      0
    ],
    "L_mainB": [
      -59.98,
      0,
      0
    ],
    "R_mainA": [
      59.98,
      0,
      0
    ],
    "R_mainB": [
      59.98,
      0,
      0
    ],
    "L_pitch": [
      -61,
      -14.235,
      53.126
    ],
    "R_pitch": [
      61,
      -14.235,
      53.126
    ]
  },
  "arm_pivot_main": [
    67.5,
    0,
    51
  ],
  "arm_ball_main": [
    67.5,
    50,
    51
  ],
  "arm_pivot_pitch": [
    -7.5,
    30,
    51
  ],
  "arm_ball_pitch": [
    -39.74,
    97.72,
    51
  ],
  "mesh_of_leg": {
    "L_mainA": "arm",
    "L_mainB": "arm",
    "R_mainA": "arm",
    "R_mainB": "arm",
    "L_pitch": "Lpitch",
    "R_pitch": "Rpitch"
  },
  "Lframe_dx": 45.900001525878906,
  "Rframe_dx": -45.900001525878906,
  "meta": {
    "base": {
      "bounds": [
        [
          -58.29999923706055,
          -68.0,
          2.5
        ],
        [
          58.29999923706055,
          69.01744079589844,
          74.0
        ]
      ],
      "nfaces": 5252
    },
    "Lframe": {
      "bounds": [
        [
          -109.9000015258789,
          -55.98322296142578,
          11.899999618530273
        ],
        [
          -47.400001525878906,
          55.98322296142578,
          65.9000015258789
        ]
      ],
      "nfaces": 5754
    },
    "Rframe": {
      "bounds": [
        [
          47.400001525878906,
          -55.98322296142578,
          11.899999618530273
        ],
        [
          109.9000015258789,
          55.98322296142578,
          65.9000015258789
        ]
      ],
      "nfaces": 6080
    },
    "recv": {
      "bounds": [
        [
          -70.0,
          -55.0,
          -28.0
        ],
        [
          70.0,
          55.0,
          60.125091552734375
        ]
      ],
      "nfaces": 8122
    },
    "arm": {
      "bounds": [
        [
          53.5208625793457,
          -13.978015899658203,
          46.0
        ],
        [
          81.47914123535156,
          57.0,
          57.0
        ]
      ],
      "nfaces": 1440
    },
    "Lpitch": {
      "bounds": [
        [
          -46.729923248291016,
          9.0,
          45.0
        ],
        [
          13.49974536895752,
          104.70724487304688,
          58.5
        ]
      ],
      "nfaces": 2030
    },
    "Rpitch": {
      "bounds": [
        [
          -13.49974536895752,
          9.0,
          45.0
        ],
        [
          46.729923248291016,
          104.70724487304688,
          58.5
        ]
      ],
      "nfaces": 2030
    },
    "mlink": {
      "bounds": [
        [
          -71.26927947998047,
          -8.0,
          -3.5
        ],
        [
          70.5,
          15.789436340332031,
          3.5
        ]
      ],
      "nfaces": 1996,
      "eye0": [
        -71.26927947998047,
        3.8947181701660156,
        0.0
      ],
      "eye1": [
        70.5,
        3.8947181701660156,
        0.0
      ]
    },
    "plink": {
      "bounds": [
        [
          -70.5,
          -8.0,
          -4.0
        ],
        [
          70.5,
          8.0,
          64.0
        ]
      ],
      "nfaces": 2404,
      "eye0": [
        -70.5,
        0.0,
        30.0
      ],
      "eye1": [
        70.5,
        0.0,
        30.0
      ]
    }
  }
}