{
  "name": "stewart_home_6_6",
  "parts": [
    {
      "name": "ground",
      "fixed": true,
      "connectors": {
        "B::P0a": {
          "point": [
            68.944,
            -57.850885,
            0.0
          ],
          "axis": [
            0,
            0,
            1
          ]
        },
        "B::P0b": {
          "point": [
            68.944,
            57.850885,
            0.0
          ],
          "axis": [
            0,
            0,
            1
          ]
        },
        "B::P1a": {
          "point": [
            15.628336,
            88.632698,
            0.0
          ],
          "axis": [
            0,
            0,
            1
          ]
        },
        "B::P1b": {
          "point": [
            -84.572336,
            30.781813,
            0.0
          ],
          "axis": [
            0,
            0,
            1
          ]
        },
        "B::P2a": {
          "point": [
            -84.572336,
            -30.781813,
            0.0
          ],
          "axis": [
            0,
            0,
            1
          ]
        },
        "B::P2b": {
          "point": [
            15.628336,
            -88.632698,
            0.0
          ],
          "axis": [
            0,
            0,
            1
          ]
        }
      }
    },
    {
      "name": "platform",
      "seed": {
        "t": [
          0.0,
          0.0,
          150.0
        ]
      },
      "connectors": {
        "P0a": {
          "point": [
            57.95555,
            -15.529143,
            0.0
          ],
          "axis": [
            0,
            0,
            1
          ]
        },
        "P0b": {
          "point": [
            57.95555,
            15.529143,
            0.0
          ],
          "axis": [
            0,
            0,
            1
          ]
        },
        "P1a": {
          "point": [
            -15.529143,
            57.95555,
            0.0
          ],
          "axis": [
            0,
            0,
            1
          ]
        },
        "P1b": {
          "point": [
            -42.426407,
            42.426407,
            0.0
          ],
          "axis": [
            0,
            0,
            1
          ]
        },
        "P2a": {
          "point": [
            -42.426407,
            -42.426407,
            0.0
          ],
          "axis": [
            0,
            0,
            1
          ]
        },
        "P2b": {
          "point": [
            -15.529143,
            -57.95555,
            0.0
          ],
          "axis": [
            0,
            0,
            1
          ]
        }
      }
    }
  ],
  "constraints": [
    {
      "type": "distance",
      "a": [
        "platform",
        "P0a"
      ],
      "b": [
        "ground",
        "B::P0a"
      ],
      "d": 156.243003
    },
    {
      "type": "distance",
      "a": [
        "platform",
        "P0b"
      ],
      "b": [
        "ground",
        "B::P0b"
      ],
      "d": 156.243003
    },
    {
      "type": "distance",
      "a": [
        "platform",
        "P1a"
      ],
      "b": [
        "ground",
        "B::P1a"
      ],
      "d": 156.243003
    },
    {
      "type": "distance",
      "a": [
        "platform",
        "P1b"
      ],
      "b": [
        "ground",
        "B::P1b"
      ],
      "d": 156.243003
    },
    {
      "type": "distance",
      "a": [
        "platform",
        "P2a"
      ],
      "b": [
        "ground",
        "B::P2a"
      ],
      "d": 156.243003
    },
    {
      "type": "distance",
      "a": [
        "platform",
        "P2b"
      ],
      "b": [
        "ground",
        "B::P2b"
      ],
      "d": 156.243003
    }
  ]
}