{
  "servo": {
    "L_mainA": [
      -60.0,
      30.0,
      22.0
    ],
    "L_mainB": [
      -60.0,
      -30.0,
      22.0
    ],
    "R_mainA": [
      60.0,
      30.0,
      22.0
    ],
    "R_mainB": [
      60.0,
      -30.0,
      22.0
    ],
    "L_pitch": [
      -60.0,
      0.0,
      33.0
    ],
    "R_pitch": [
      60.0,
      0.0,
      33.0
    ]
  },
  "armlen": {
    "L_mainA": 50.0,
    "L_mainB": 50.0,
    "R_mainA": 50.0,
    "R_mainB": 50.0,
    "L_pitch": 75.0,
    "R_pitch": 75.0
  },
  "blocal": {
    "L_mainA": [
      -59.98,
      0.0,
      0.0
    ],
    "L_mainB": [
      -59.98,
      0.0,
      0.0
    ],
    "R_mainA": [
      59.98,
      0.0,
      0.0
    ],
    "R_mainB": [
      59.98,
      0.0,
      0.0
    ],
    "L_pitch": [
      -61.0,
      -14.235,
      53.126
    ],
    "R_pitch": [
      61.0,
      -14.235,
      53.126
    ]
  },
  "home_H": 200.0,
  "home_angles": {
    "L_mainA": 0.41657576321655365,
    "L_mainB": 2.7250168903732397,
    "R_mainA": 0.41657576321655365,
    "R_mainB": 2.7250168903732397,
    "L_pitch": 0.8612131540122763,
    "R_pitch": 0.8612131540122763
  },
  "receiver_t": [
    0.0,
    0.0,
    200.0
  ]
}